sample_ms,ppg
0,0.0124
1,0.0332
2,0.0253
3,0.0276
4,0.026
5,0.0212
6,0.0064
7,0.0153
8,0.0143
9,0.0067
10,0.0177
11,0.0167
12,0.0108
13,0.011
14,0.0057
15,0.0183
16,0.0163
17,0.0239
18,0.0228
19,0.0177
20,0.0143
21,0.0203
22,0.022
23,0.0106
24,0.0073
25,0.0147
26,0.0236
27,0.0237
28,0.0136
29,0.0104
30,0.014
31,0.0219
32,0.0019
33,0.0099
34,0.0142
35,0.02
36,0.0053
37,0.0109
38,0.0157
39,0.0221
40,0.0058
41,0.0189
42,0.0187
43,0.0165
44,0.0127
45,0.0182
46,0.0165
47,0.0265
48,0.0183
49,0.014
50,0.0225
51,0.0206
52,0.0168
53,0.0092
54,0.0101
55,0.026
56,0.0273
57,0.0047
58,0.0147
59,0.029
60,0.0191
61,0.0143
62,0.0042
63,0.0158
64,0.0097
65,0.0208
66,0.0041
67,0.0162
68,0.0262
69,0.0278
70,0.0149
71,0.012
72,0.0123
73,0.018
74,0.0164
75,0.0156
76,0.0122
77,0.0131
78,0.0238
79,0.019
80,0.0175
81,0.0237
82,0.0264
83,0.0184
84,0.0172
85,0.0251
86,0.0178
87,0.0106
88,0.0315
89,0.0083
90,0.0162
91,0.0236
92,0.0104
93,0.0273
94,0.0008
95,0.0278
96,0.0138
97,0.0247
98,0.0182
99,0.0151
100,0.0101
101,0.017
102,0.0158
103,0.0099
104,0.0154
105,0.0176
106,0.0174
107,0.0186
108,0.0115
109,0.0214
110,0.0248
111,0.0126
112,0.0184
113,0.0173
114,0.0212
115,0.0035
116,0.0135
117,0.0213
118,0.0175
119,0.0191
120,0.0119
121,0.008
122,0.0175
123,0.015
124,0.0136
125,0.0066
126,0.0128
127,0.006
128,0.0158
129,0.0334
130,0.0166
131,0.0184
132,0.0276
133,0.0225
134,0.0181
135,0.018
136,0.0128
137,0.0153
138,0.0039
139,0.0181
140,0.0066
141,0.0142
142,0.0236
143,0.0111
144,0.0054
145,0.0177
146,0.0169
147,0.0142
148,0.0299
149,0.0114
150,0.0093
151,0.0111
152,0.0069
153,0.0251
154,0.0084
155,0.0225
156,0.0166
157,0.0066
158,0.0232
159,0.0124
160,0.0053
161,0.0192
162,0.0098
163,0.0126
164,0.03
165,0.0077
166,0.0101
167,0.0116
168,0.0217
169,0.0223
170,0.0074
171,0.0121
172,0.0173
173,0.0215
174,0.0085
175,0.0081
176,0.0209
177,0.0188
178,0.018
179,0.0163
180,0.0246
181,0.0255
182,0.0081
183,0.0247
184,0.0077
185,0.0159
186,0.0238
187,0.0225
188,0.0121
189,0.0186
190,0.0211
191,0.0163
192,0.0215
193,0.0111
194,0.0297
195,0.0105
196,0.0203
197,0.0146
198,0.011
199,0.0309
200,0.0091
201,0.015
202,0.021
203,0.0285
204,0.0031
205,0.0116
206,0.0135
207,0.009
208,0.0106
209,0.0113
210,0.0196
211,0.0048
212,0.0286
213,0.0214
214,0.0202
215,0.0163
216,0.022
217,0.0211
218,0.0247
219,0.0173
220,0.0055
221,0.0077
222,0.0214
223,0.017
224,0.0154
225,0.0182
226,0.0156
227,0.0119
228,0.0111
229,0.0125
230,0.0189
231,0.0246
232,0.018
233,0.0006
234,0.0009
235,0.0176
236,0.0284
237,0.019
238,0.0207
239,0.0073
240,0.0202
241,0.0153
242,0.022
243,0.0169
244,0.0126
245,0.0296
246,0.0244
247,0.0192
248,0.0192
249,0.0148
250,0.0099
251,0.0192
252,0.0209
253,0.0147
254,0.0063
255,0.0202
256,0.0163
257,0.0104
258,0.0209
259,0.0187
260,0.0233
261,0.0211
262,0.0113
263,0.0181
264,0.0195
265,0.0147
266,0.0323
267,0.0159
268,0.0224
269,0.0279
270,0.0163
271,0.0179
272,0.022
273,0.0068
274,0.0205
275,0.0149
276,0.0203
277,0.0106
278,0.0258
279,0.0175
280,0.0243
281,0.0244
282,0.0283
283,0.0219
284,0.0128
285,0.0246
286,0.0152
287,0.0338
288,0.0115
289,0.0203
290,0.0156
291,0.0135
292,0.0173
293,0.0176
294,0.0238
295,0.0303
296,0.0224
297,0.0254
298,0.0218
299,-0.0035
300,0.0281
301,0.0295
302,0.028
303,0.0355
304,0.0349
305,0.0356
306,0.0347
307,0.0322
308,0.0316
309,0.0357
310,0.037
311,0.0296
312,0.0368
313,0.0332
314,0.0377
315,0.0354
316,0.0326
317,0.0382
318,0.0364
319,0.0292
320,0.0323
321,0.0397
322,0.0472
323,0.0409
324,0.0467
325,0.048
326,0.0382
327,0.0469
328,0.0512
329,0.0644
330,0.045
331,0.0531
332,0.0508
333,0.0602
334,0.0536
335,0.0432
336,0.0536
337,0.0635
338,0.068
339,0.0472
340,0.0557
341,0.0572
342,0.0634
343,0.0798
344,0.0703
345,0.0686
346,0.0739
347,0.0793
348,0.0803
349,0.0812
350,0.0775
351,0.0735
352,0.082
353,0.0866
354,0.0806
355,0.081
356,0.0833
357,0.0734
358,0.0856
359,0.0852
360,0.0857
361,0.0907
362,0.0857
363,0.083
364,0.0907
365,0.0974
366,0.0804
367,0.0934
368,0.0928
369,0.0991
370,0.0954
371,0.0798
372,0.0903
373,0.1045
374,0.095
375,0.0922
376,0.0977
377,0.0831
378,0.0818
379,0.0932
380,0.0852
381,0.0935
382,0.0938
383,0.0927
384,0.0874
385,0.0927
386,0.0933
387,0.1008
388,0.0928
389,0.0829
390,0.0917
391,0.0923
392,0.0892
393,0.0911
394,0.0894
395,0.1027
396,0.0872
397,0.0959
398,0.0888
399,0.071
400,0.0925
401,0.0832
402,0.0834
403,0.0897
404,0.0854
405,0.0761
406,0.0928
407,0.0921
408,0.0833
409,0.0883
410,0.0842
411,0.0926
412,0.0893
413,0.0741
414,0.0904
415,0.0843
416,0.0813
417,0.0842
418,0.0909
419,0.081
420,0.0679
421,0.0812
422,0.076
423,0.0777
424,0.0859
425,0.0898
426,0.0688
427,0.081
428,0.0729
429,0.0839
430,0.0683
431,0.0783
432,0.0719
433,0.0794
434,0.0738
435,0.0774
436,0.0694
437,0.0723
438,0.0716
439,0.077
440,0.0831
441,0.0701
442,0.0717
443,0.0671
444,0.0612
445,0.0761
446,0.0746
447,0.069
448,0.0792
449,0.0672
450,0.0682
451,0.0624
452,0.0596
453,0.0854
454,0.0698
455,0.0666
456,0.0643
457,0.0708
458,0.0628
459,0.052
460,0.0788
461,0.0693
462,0.0624
463,0.0637
464,0.0616
465,0.0736
466,0.0731
467,0.0647
468,0.0621
469,0.0615
470,0.0643
471,0.0663
472,0.0706
473,0.0698
474,0.0685
475,0.0672
476,0.0799
477,0.054
478,0.0651
479,0.0566
480,0.0637
481,0.0702
482,0.064
483,0.0526
484,0.0532
485,0.0573
486,0.0625
487,0.0607
488,0.0535
489,0.0677
490,0.0784
491,0.0652
492,0.0617
493,0.0783
494,0.0669
495,0.0751
496,0.0763
497,0.0608
498,0.0712
499,0.0637
500,0.0637
501,0.0642
502,0.0641
503,0.0665
504,0.0594
505,0.066
506,0.0811
507,0.0661
508,0.0666
509,0.0716
510,0.0579
511,0.0472
512,0.0715
513,0.0618
514,0.0609
515,0.074
516,0.0583
517,0.0649
518,0.0733
519,0.0624
520,0.0696
521,0.0704
522,0.0674
523,0.0671
524,0.0654
525,0.0689
526,0.069
527,0.064
528,0.0762
529,0.0624
530,0.0677
531,0.0859
532,0.061
533,0.0714
534,0.0636
535,0.0527
536,0.0811
537,0.0717
538,0.0646
539,0.0723
540,0.0704
541,0.0733
542,0.072
543,0.0849
544,0.0685
545,0.0696
546,0.0646
547,0.0744
548,0.0632
549,0.065
550,0.0588
551,0.0597
552,0.0601
553,0.0821
554,0.068
555,0.0703
556,0.082
557,0.0628
558,0.0687
559,0.0669
560,0.0605
561,0.0788
562,0.0703
563,0.0657
564,0.0714
565,0.0671
566,0.0609
567,0.0485
568,0.0711
569,0.0666
570,0.0695
571,0.0681
572,0.0699
573,0.0534
574,0.0732
575,0.0707
576,0.0638
577,0.0652
578,0.0598
579,0.0588
580,0.0643
581,0.0626
582,0.0549
583,0.0569
584,0.0598
585,0.0607
586,0.0515
587,0.0635
588,0.0742
589,0.047
590,0.0524
591,0.0632
592,0.0582
593,0.0469
594,0.0608
595,0.0597
596,0.0559
597,0.0639
598,0.0673
599,0.0636
600,0.0478
601,0.0515
602,0.0483
603,0.0684
604,0.0565
605,0.0624
606,0.0573
607,0.0549
608,0.0479
609,0.0611
610,0.0673
611,0.0507
612,0.0467
613,0.0528
614,0.0536
615,0.0514
616,0.0505
617,0.0618
618,0.0567
619,0.0563
620,0.0607
621,0.0609
622,0.0509
623,0.0503
624,0.0486
625,0.0507
626,0.0341
627,0.0505
628,0.0663
629,0.0476
630,0.0436
631,0.0553
632,0.0539
633,0.0436
634,0.0338
635,0.0494
636,0.0499
637,0.0519
638,0.0497
639,0.0571
640,0.0595
641,0.0441
642,0.053
643,0.0429
644,0.0484
645,0.0394
646,0.036
647,0.0486
648,0.0455
649,0.0464
650,0.0497
651,0.0569
652,0.0415
653,0.0467
654,0.0343
655,0.034
656,0.0473
657,0.0463
658,0.047
659,0.047
660,0.0498
661,0.041
662,0.0372
663,0.03
664,0.0382
665,0.0291
666,0.0309
667,0.0219
668,0.0467
669,0.0261
670,0.0264
671,0.0324
672,0.0375
673,0.0253
674,0.0291
675,0.0181
676,0.0394
677,0.0415
678,0.0296
679,0.031
680,0.0346
681,0.0438
682,0.0396
683,0.0265
684,0.0191
685,0.0433
686,0.0383
687,0.038
688,0.0335
689,0.0243
690,0.021
691,0.0324
692,0.0343
693,0.0204
694,0.0227
695,0.0236
696,0.0372
697,0.0228
698,0.0302
699,0.0243
700,0.0212
701,0.0394
702,0.0061
703,0.022
704,0.0222
705,0.0299
706,0.017
707,0.0275
708,0.0316
709,0.0203
710,0.0191
711,0.0345
712,0.0385
713,0.0317
714,0.0256
715,0.0286
716,0.0294
717,0.0292
718,0.0155
719,0.0301
720,0.0236
721,0.0133
722,0.0307
723,0.026
724,0.0261
725,0.0228
726,0.0193
727,0.0286
728,0.0286
729,0.0218
730,0.0214
731,0.017
732,0.0308
733,0.0195
734,0.0113
735,0.0134
736,0.0337
737,0.0273
738,0.0205
739,0.0343
740,0.0077
741,0.0207
742,0.0181
743,0.0178
744,0.0235
745,0.0076
746,0.0137
747,0.0293
748,0.0286
749,0.0116
750,0.0265
751,-0.0041
752,0.0197
753,0.0307
754,0.0128
755,0.0208
756,0.0193
757,0.0212
758,0.0154
759,0.0185
760,0.0284
761,0.0177
762,0.0049
763,0.0124
764,0.0232
765,0.0126
766,0.0101
767,0.0235
768,0.0212
769,0.0246
770,0.0305
771,0.0252
772,0.0099
773,0.0214
774,0.0077
775,0.0278
776,0.0198
777,0.0151
778,0.0181
779,0.0141
780,0.0059
781,0.0184
782,0.0139
783,0.0051
784,0.0097
785,0.0105
786,0.0127
787,0.0215
788,0.0198
789,0.0031
790,0.0236
791,0.0204
792,0.0102
793,0.0187
794,0.0217
795,0.0005
796,0.0087
797,0.0224
798,0.0098
799,0.0111
800,0.0155
801,0.0072
802,0.0166
803,0.0226
804,0.0224
805,0.0213
806,0.0117
807,0.0121
808,0.0176
809,0.012
810,0.0164
811,0.0151
812,0.0274
813,0.0165
814,0.0084
815,0.0178
816,0.0112
817,0.0089
818,0.009
819,0.0119
820,0.0149
821,0.0188
822,0.0158
823,0.0209
824,0.0077
825,0.0201
826,0.0121
827,0.0162
828,0.0062
829,0.0118
830,0.0112
831,0.0131
832,0.0085
833,-0.0013
834,0.0127
835,0.0064
836,0.0023
837,0.0152
838,0.0076
839,0.0208
840,0.0122
841,0.0061
842,0.0026
843,0.0041
844,0.0047
845,0.0213
846,0.0139
847,0.0183
848,0.0071
849,0.0145
850,0.0101
851,-0.0055
852,0.0028
853,-0.003
854,0.0129
855,0.0075
856,0.0127
857,-0.0057
858,0.0224
859,0.0212
860,0.0215
861,0.0031
862,0.0052
863,0.0029
864,-0.0022
865,-0.0008
866,0.0071
867,0.0055
868,0.0131
869,0.0042
870,0.0098
871,-0.0035
872,-0.0002
873,-0.0037
874,0.0113
875,0.0173
876,0.0084
877,0.0091
878,0.0148
879,0.0041
880,0.015
881,0.0035
882,0.0207
883,0.0132
884,0.0056
885,0.0148
886,0.0125
887,0.0166
888,0.0097
889,0.0205
890,0.0119
891,0.0172
892,0.0083
893,0.0096
894,0.0086
895,0.003
896,0.0229
897,0.0084
898,0.0191
899,-0.0035
900,-0.0121
901,0.0103
902,0.0053
903,0.0062
904,0.0061
905,0.0078
906,-0.0081
907,0.0176
908,0.0143
909,0.0015
910,0.021
911,-0.0049
912,0.0058
913,0.0116
914,0.0051
915,0.0123
916,0.0175
917,-0.0017
918,0.0099
919,0.0054
920,-0.0001
921,0.0054
922,0.0021
923,0.0117
924,0.0033
925,0.0006
926,-0.0003
927,0.0154
928,0.006
929,-0.0015
930,0.0144
931,0.0001
932,0.0015
933,-0.0018
934,0.0099
935,0.0129
936,0.0148
937,0.002
938,0.003
939,0.0077
940,-0.0001
941,0.0259
942,0.011
943,0.0045
944,0.0125
945,0.0062
946,-0.0076
947,0.0055
948,0.0003
949,-0.0151
950,0.0058
951,-0.0006
952,0.0177
953,0.0092
954,-0.0028
955,0.0128
956,0.0044
957,-0.0028
958,0.0064
959,-0.0041
960,-0.0032
961,-0.0019
962,-0.0112
963,0.0053
964,0.0194
965,0.0014
966,-0.0115
967,0.0051
968,0.0176
969,0.007
970,0.0018
971,-0.0018
972,0.002
973,-0.0009
974,-0.0055
975,0.0103
976,0.0002
977,-0.0081
978,0.0096
979,0.0055
980,0.0058
981,0.0118
982,-0.01
983,0.0018
984,0.0086
985,-0.0132
986,0.006
987,0.0053
988,-0.0016
989,0.0002
990,-0.0034
991,0.0173
992,-0.0044
993,-0.0033
994,0.0152
995,0.0109
996,-0.001
997,-0.0044
998,0.0239
999,0.014
1000,-0.0064
1001,-0.0067
1002,0.0038
1003,-0.0065
1004,0.0007
1005,-0.0049
1006,0.0095
1007,-0.005
1008,0.0202
1009,0.0097
1010,-0.0047
1011,0.0095
1012,0.0097
1013,0.0033
1014,0.0153
1015,0.0123
1016,0.0068
1017,0.011
1018,-0.0117
1019,-0.004
1020,0.004
1021,0.0067
1022,0.0066
1023,0.0097
1024,0.0115
1025,0.0108
1026,0.0024
1027,0.0027
1028,0.0093
1029,0.0023
1030,0.0186
1031,-0.003
1032,0.0083
1033,0.0128
1034,0.0145
1035,-0.0058
1036,0.0108
1037,0.0018
1038,0.0057
1039,0.0045
1040,-0.0096
1041,0.0013
1042,0.0001
1043,-0.0044
1044,0.0041
1045,-0.0041
1046,-0.0055
1047,0.007
1048,-0.0098
1049,-0.0056
1050,0.0032
1051,0.003
1052,-0.0031
1053,0.0084
1054,-0.0058
1055,-0.0024
1056,0.0077
1057,-0.0126
1058,-0.0045
1059,0.0023
1060,0.0025
1061,-0.009
1062,0.0055
1063,0.0013
1064,-0.008
1065,-0.0032
1066,-0.0032
1067,0.0056
1068,-0.0022
1069,-0.0073
1070,-0.0053
1071,-0.0026
1072,0.0131
1073,-0.0055
1074,0.008
1075,0.0072
1076,-0.0041
1077,0.0067
1078,-0.0009
1079,0.01
1080,0.0075
1081,0.0156
1082,0.0074
1083,-0.001
1084,-0.0073
1085,-0.0033
1086,0.0048
1087,0.0032
1088,0.0048
1089,0.0135
1090,0.0125
1091,0.0002
1092,0.0015
1093,-0.0018
1094,0.0003
1095,0.0058
1096,-0.0069
1097,0.0013
1098,0.007
1099,0.0034
1100,-0.001
1101,0.0115
1102,-0.008
1103,0.0064
1104,0.0076
1105,0.0156
1106,0.0002
1107,0.005
1108,-0.003
1109,0.0068
1110,-0.0191
1111,-0.0008
1112,-0.0079
1113,0.0077
1114,0.0028
1115,0.0016
1116,0.0004
1117,-0.0011
1118,-0.0041
1119,0.0061
1120,0.0046
1121,-0.0017
1122,0.012
1123,0.0024
1124,0.0058
1125,0.0157
1126,0.0034
1127,0.0138
1128,0.0055
1129,0.014
1130,0.0079
1131,0.0095
1132,-0.002
1133,0.0236
1134,0.0012
1135,0.0027
1136,-0.0092
1137,0.0029
1138,0.0156
1139,0.0126
1140,0.0089
1141,0.0258
1142,0.0107
1143,0.0219
1144,0.0154
1145,0.0244
1146,0.0093
1147,0.0202
1148,0.0103
1149,0.0161
1150,0.0208
1151,0.0307
1152,0.0094
1153,0.0198
1154,0.0141
1155,0.0351
1156,0.0164
1157,0.0131
1158,0.0074
1159,0.0189
1160,0.0262
1161,0.0223
1162,0.0228
1163,0.0272
1164,0.0188
1165,0.0338
1166,0.031
1167,0.03
1168,0.0363
1169,0.0286
1170,0.0285
1171,0.0386
1172,0.0383
1173,0.0343
1174,0.0339
1175,0.0364
1176,0.0295
1177,0.0442
1178,0.0415
1179,0.0522
1180,0.0523
1181,0.038
1182,0.0515
1183,0.0421
1184,0.0544
1185,0.0449
1186,0.0467
1187,0.0658
1188,0.0626
1189,0.069
1190,0.0595
1191,0.062
1192,0.0527
1193,0.0694
1194,0.07
1195,0.0652
1196,0.0597
1197,0.0561
1198,0.0631
1199,0.0689
1200,0.0693
1201,0.0718
1202,0.063
1203,0.0679
1204,0.0719
1205,0.0577
1206,0.0694
1207,0.0728
1208,0.0798
1209,0.0749
1210,0.0772
1211,0.0867
1212,0.0694
1213,0.0603
1214,0.0667
1215,0.079
1216,0.0757
1217,0.0837
1218,0.0783
1219,0.0762
1220,0.0826
1221,0.0775
1222,0.0713
1223,0.0772
1224,0.0731
1225,0.0912
1226,0.0599
1227,0.0761
1228,0.0914
1229,0.0704
1230,0.0621
1231,0.0718
1232,0.063
1233,0.0718
1234,0.0817
1235,0.0844
1236,0.0837
1237,0.0816
1238,0.0652
1239,0.056
1240,0.0613
1241,0.0753
1242,0.064
1243,0.0729
1244,0.0645
1245,0.0691
1246,0.0758
1247,0.0735
1248,0.0603
1249,0.0709
1250,0.0799
1251,0.0703
1252,0.0785
1253,0.0853
1254,0.0749
1255,0.0531
1256,0.0655
1257,0.0691
1258,0.064
1259,0.0595
1260,0.057
1261,0.0608
1262,0.0701
1263,0.067
1264,0.0707
1265,0.0661
1266,0.0609
1267,0.0641
1268,0.0468
1269,0.0636
1270,0.0591
1271,0.0569
1272,0.0586
1273,0.0596
1274,0.0592
1275,0.0669
1276,0.0633
1277,0.0605
1278,0.0567
1279,0.0535
1280,0.0659
1281,0.0583
1282,0.0626
1283,0.0492
1284,0.0418
1285,0.0401
1286,0.054
1287,0.062
1288,0.0436
1289,0.0564
1290,0.054
1291,0.0457
1292,0.0468
1293,0.0498
1294,0.0485
1295,0.0549
1296,0.054
1297,0.0458
1298,0.0557
1299,0.0673
1300,0.042
1301,0.0449
1302,0.058
1303,0.0534
1304,0.0454
1305,0.0639
1306,0.041
1307,0.0354
1308,0.0527
1309,0.0549
1310,0.0515
1311,0.046
1312,0.0375
1313,0.0422
1314,0.0561
1315,0.0494
1316,0.0573
1317,0.0491
1318,0.042
1319,0.0478
1320,0.0556
1321,0.0476
1322,0.056
1323,0.052
1324,0.0555
1325,0.0337
1326,0.0515
1327,0.0435
1328,0.0517
1329,0.0622
1330,0.0535
1331,0.055
1332,0.0521
1333,0.0495
1334,0.0484
1335,0.0456
1336,0.0475
1337,0.0533
1338,0.0519
1339,0.0586
1340,0.0486
1341,0.0436
1342,0.0477
1343,0.0575
1344,0.0351
1345,0.0563
1346,0.0542
1347,0.0455
1348,0.0611
1349,0.0472
1350,0.0509
1351,0.0531
1352,0.0555
1353,0.0558
1354,0.0406
1355,0.0414
1356,0.0585
1357,0.0508
1358,0.0453
1359,0.047
1360,0.0473
1361,0.0571
1362,0.0445
1363,0.0673
1364,0.0435
1365,0.0458
1366,0.055
1367,0.0522
1368,0.0613
1369,0.0459
1370,0.0516
1371,0.0524
1372,0.0444
1373,0.0615
1374,0.0536
1375,0.0516
1376,0.0495
1377,0.0304
1378,0.0537
1379,0.0399
1380,0.0487
1381,0.0546
1382,0.0502
1383,0.0459
1384,0.0372
1385,0.0491
1386,0.055
1387,0.0473
1388,0.0574
1389,0.0552
1390,0.0461
1391,0.049
1392,0.0545
1393,0.0623
1394,0.0434
1395,0.0657
1396,0.0442
1397,0.0509
1398,0.0429
1399,0.0517
1400,0.0474
1401,0.055
1402,0.0516
1403,0.0544
1404,0.0612
1405,0.0411
1406,0.0438
1407,0.0554
1408,0.049
1409,0.0611
1410,0.0466
1411,0.0411
1412,0.0422
1413,0.0336
1414,0.0404
1415,0.0477
1416,0.0537
1417,0.0443
1418,0.0354
1419,0.0548
1420,0.0424
1421,0.0276
1422,0.0303
1423,0.0363
1424,0.0498
1425,0.0469
1426,0.0546
1427,0.0386
1428,0.04
1429,0.0332
1430,0.054
1431,0.0245
1432,0.0327
1433,0.0341
1434,0.046
1435,0.0339
1436,0.0397
1437,0.0291
1438,0.0306
1439,0.028
1440,0.0437
1441,0.0351
1442,0.0283
1443,0.0415
1444,0.0418
1445,0.0348
1446,0.0563
1447,0.0349
1448,0.0367
1449,0.0416
1450,0.0305
1451,0.0349
1452,0.0322
1453,0.0455
1454,0.0352
1455,0.0309
1456,0.0392
1457,0.0409
1458,0.025
1459,0.0297
1460,0.0304
1461,0.0269
1462,0.0342
1463,0.0369
1464,0.0358
1465,0.0385
1466,0.0275
1467,0.0459
1468,0.0338
1469,0.0222
1470,0.0223
1471,0.0276
1472,0.0295
1473,0.0113
1474,0.0429
1475,0.0209
1476,0.0271
1477,0.0313
1478,0.0307
1479,0.0195
1480,0.034
1481,0.0143
1482,0.0302
1483,0.0181
1484,0.0208
1485,0.0222
1486,0.0106
1487,0.0245
1488,0.0255
1489,0.003
1490,0.0258
1491,0.0233
1492,0.0202
1493,0.0123
1494,0.0301
1495,0.0205
1496,0.0073
1497,0.0215
1498,0.0249
1499,0.0227
1500,0.0244
1501,0.0079
1502,0.0135
1503,0.0242
1504,0.0137
1505,0.0276
1506,0.0402
1507,0.0201
1508,0.0103
1509,0.0218
1510,0.0186
1511,0.0182
1512,0.0043
1513,0.0128
1514,0.0261
1515,0.0144
1516,0.0203
1517,0.0265
1518,0.0038
1519,0.0168
1520,0.0089
1521,0.0095
1522,0.0133
1523,0.0086
1524,0.0064
1525,0.0126
1526,0.0124
1527,0.0075
1528,0.0286
1529,0.0048
1530,0.007
1531,0.007
1532,0.0026
1533,0.0058
1534,0.0193
1535,0.0055
1536,0.0039
1537,0.0016
1538,0.0213
1539,0.0087
1540,-0.0103
1541,-0.001
1542,0.0099
1543,0.0063
1544,0.0072
1545,0.0167
1546,0.0161
1547,0.0066
1548,0.0114
1549,-0.0015
1550,0.0102
1551,0.0109
1552,-0.0066
1553,0.0066
1554,0.0099
1555,0.0028
1556,-0.0043
1557,0.0074
1558,0.0061
1559,0.0087
1560,-0.0148
1561,0.0124
1562,0.0033
1563,0.0067
1564,0.005
1565,-0.0019
1566,0.0044
1567,0.0091
1568,0.006
1569,0.0033
1570,0.0055
1571,0.0008
1572,-0.008
1573,0.0042
1574,0.0087
1575,-0.0033
1576,-0.0046
1577,0.0045
1578,0.0063
1579,0.0005
1580,-0.0014
1581,0.0029
1582,0.0034
1583,-0.003
1584,-0.0062
1585,0.0138
1586,-0.0034
1587,0.0095
1588,-0.0002
1589,-0.0013
1590,0.0164
1591,-0.0026
1592,-0.0017
1593,-0.0144
1594,-0.0005
1595,-0.0053
1596,-0.009
1597,0.0043
1598,-0.0015
1599,0.0042
1600,0.0053
1601,-0.0009
1602,0.0005
1603,-0.005
1604,0.0155
1605,0.0057
1606,0.0056
1607,-0.014
1608,0.0027
1609,-0.0023
1610,-0.0009
1611,-0.0106
1612,0.0086
1613,0.0049
1614,-0.0113
1615,-0.0043
1616,-0.0122
1617,-0.0097
1618,0.0097
1619,0.0019
1620,-0.0114
1621,-0.0073
1622,0.0021
1623,-0.0001
1624,-0.0169
1625,-0.0015
1626,-0.0146
1627,0.003
1628,-0.0111
1629,-0.0062
1630,0.0086
1631,0.0068
1632,-0.0087
1633,0.009
1634,-0.0032
1635,0.0004
1636,-0.0016
1637,-0.008
1638,-0.0096
1639,0.0015
1640,-0.0111
1641,-0.0211
1642,0.0065
1643,-0.0134
1644,-0.0017
1645,-0.0073
1646,-0.014
1647,-0.0098
1648,-0.0191
1649,-0.0073
1650,-0.013
1651,-0.006
1652,-0.0251
1653,-0.0123
1654,-0.0011
1655,-0.0042
1656,-0.0073
1657,0.0024
1658,-0.0053
1659,-0.0118
1660,-0.0222
1661,-0.0152
1662,-0.0159
1663,-0.0009
1664,-0.0029
1665,-0.0063
1666,-0.0089
1667,0.0008
1668,-0.0058
1669,-0.0108
1670,-0.0152
1671,0.0043
1672,-0.0165
1673,-0.0002
1674,-0.0069
1675,0.0063
1676,-0.0039
1677,-0.0128
1678,-0.0098
1679,-0.013
1680,-0.0089
1681,-0.0058
1682,0.0019
1683,-0.0118
1684,-0.0176
1685,-0.0131
1686,-0.0146
1687,0.0113
1688,-0.0009
1689,-0.007
1690,-0.0208
1691,-0.014
1692,-0.006
1693,-0.0138
1694,-0.0158
1695,-0.0194
1696,-0.0087
1697,-0.0049
1698,-0.0092
1699,-0.0195
1700,-0.014
1701,-0.0116
1702,-0.0091
1703,-0.0065
1704,-0.0073
1705,-0.005
1706,-0.0219
1707,-0.0027
1708,-0.0143
1709,-0.0153
1710,-0.014
1711,-0.0031
1712,-0.0153
1713,-0.0062
1714,-0.0035
1715,-0.0179
1716,-0.0042
1717,-0.0167
1718,-0.0084
1719,-0.0082
1720,-0.0109
1721,-0.0091
1722,-0.0069
1723,-0.0091
1724,-0.0068
1725,-0.0181
1726,-0.0002
1727,-0.0052
1728,-0.0007
1729,-0.0066
1730,-0.0031
1731,0.006
1732,-0.0011
1733,-0.0006
1734,-0.0075
1735,-0.0062
1736,-0.0068
1737,-0.0111
1738,-0.0167
1739,-0.0063
1740,-0.0205
1741,-0.0017
1742,-0.0078
1743,-0.0143
1744,-0.0074
1745,-0.0232
1746,-0.014
1747,-0.0146
1748,-0.0168
1749,0.0004
1750,-0.0138
1751,-0.0092
1752,-0.0122
1753,-0.0053
1754,-0.0154
1755,-0.0178
1756,-0.0074
1757,-0.0167
1758,-0.0146
1759,0.0007
1760,-0.0072
1761,-0.0062
1762,-0.0007
1763,-0.007
1764,-0.0057
1765,-0.0025
1766,-0.0107
1767,-0.0172
1768,-0.0154
1769,-0.0197
1770,-0.0074
1771,-0.0107
1772,-0.0118
1773,-0.024
1774,-0.0132
1775,-0.0157
1776,0.0012
1777,-0.0012
1778,-0.0141
1779,-0.0125
1780,-0.0059
1781,-0.0178
1782,-0.0198
1783,-0.0061
1784,-0.0145
1785,-0.0066
1786,-0.0197
1787,-0.0257
1788,-0.0026
1789,-0.0008
1790,-0.018
1791,-0.0111
1792,-0.0154
1793,-0.0149
1794,-0.0109
1795,-0.0198
1796,-0.0276
1797,0.0009
1798,-0.008
1799,-0.0183
1800,-0.0176
1801,-0.0132
1802,-0.0015
1803,-0.0139
1804,-0.0126
1805,-0.0171
1806,-0.0189
1807,-0.0096
1808,0.0006
1809,-0.007
1810,-0.0097
1811,-0.0131
1812,-0.0107
1813,-0.0063
1814,-0.0146
1815,0.0018
1816,-0.0129
1817,-0.0159
1818,-0.0017
1819,-0.0035
1820,-0.0077
1821,-0.0174
1822,-0.0107
1823,-0.0023
1824,-0.0147
1825,-0.0201
1826,-0.0
1827,-0.0138
1828,-0.016
1829,-0.0188
1830,-0.0238
1831,-0.0172
1832,-0.0092
1833,-0.0092
1834,-0.0126
1835,-0.019
1836,-0.0054
1837,-0.0108
1838,-0.0077
1839,-0.0073
1840,-0.0232
1841,-0.0019
1842,-0.008
1843,-0.0296
1844,-0.0062
1845,-0.0164
1846,-0.0048
1847,-0.0151
1848,-0.0147
1849,-0.0205
1850,-0.0128
1851,-0.0214
1852,-0.0139
1853,-0.016
1854,-0.0027
1855,-0.0192
1856,-0.024
1857,-0.0151
1858,-0.013
1859,-0.006
1860,-0.0249
1861,-0.0285
1862,-0.0207
1863,-0.0151
1864,-0.0113
1865,-0.0071
1866,-0.0146
1867,-0.0162
1868,-0.0148
1869,-0.0199
1870,-0.0215
1871,-0.0077
1872,-0.0174
1873,-0.0319
1874,-0.0209
1875,-0.0094
1876,-0.0166
1877,-0.0155
1878,-0.0092
1879,-0.0236
1880,-0.0181
1881,-0.0081
1882,-0.0103
1883,-0.0091
1884,-0.0187
1885,-0.017
1886,-0.0284
1887,-0.0139
1888,-0.0166
1889,-0.0189
1890,-0.0214
1891,-0.0055
1892,-0.014
1893,-0.0088
1894,-0.0183
1895,-0.0057
1896,-0.0066
1897,-0.0114
1898,-0.0144
1899,-0.0125
1900,-0.011
1901,-0.0047
1902,-0.0183
1903,-0.0143
1904,-0.0079
1905,-0.0113
1906,-0.0222
1907,-0.0082
1908,-0.0157
1909,-0.019
1910,-0.0207
1911,-0.0165
1912,-0.0147
1913,-0.0255
1914,-0.0114
1915,-0.006
1916,-0.0131
1917,-0.0196
1918,-0.0159
1919,-0.005
1920,-0.0156
1921,-0.0128
1922,-0.0142
1923,-0.0216
1924,-0.0168
1925,-0.0235
1926,-0.018
1927,-0.007
1928,-0.0291
1929,-0.0176
1930,-0.0185
1931,-0.0024
1932,-0.0065
1933,-0.0099
1934,-0.011
1935,-0.0051
1936,-0.0264
1937,-0.0155
1938,-0.0043
1939,-0.0024
1940,-0.0113
1941,-0.0172
1942,-0.0244
1943,-0.0149
1944,-0.0094
1945,-0.0122
1946,-0.0076
1947,-0.0087
1948,-0.0148
1949,-0.0139
1950,-0.0307
1951,-0.0167
1952,-0.0201
1953,-0.0205
1954,-0.0102
1955,-0.0086
1956,-0.0053
1957,-0.0191
1958,-0.0136
1959,-0.0165
1960,-0.0093
1961,0.0058
1962,-0.0213
1963,-0.0129
1964,-0.0053
1965,0.0024
1966,-0.0065
1967,-0.0121
1968,-0.0071
1969,0.0028
1970,-0.016
1971,-0.0048
1972,-0.0011
1973,-0.0216
1974,-0.0075
1975,-0.0026
1976,-0.0001
1977,-0.0002
1978,-0.0034
1979,-0.0019
1980,-0.005
1981,-0.0066
1982,0.0031
1983,-0.0063
1984,-0.0111
1985,-0.0069
1986,-0.0022
1987,0.0073
1988,0.0034
1989,0.0216
1990,-0.0
1991,0.0042
1992,-0.0115
1993,0.0202
1994,0.0066
1995,0.0064
1996,0.0003
1997,0.0282
1998,0.0125
1999,0.0123
2000,0.011
2001,0.0122
2002,0.0212
2003,0.0187
2004,0.0231
2005,0.024
2006,0.0138
2007,0.0253
2008,0.0233
2009,0.0258
2010,0.038
2011,0.0205
2012,0.0241
2013,0.0273
2014,0.0354
2015,0.0382
2016,0.0292
2017,0.0403
2018,0.0407
2019,0.026
2020,0.0357
2021,0.0453
2022,0.0478
2023,0.044
2024,0.0516
2025,0.0405
2026,0.0481
2027,0.0617
2028,0.0515
2029,0.0525
2030,0.0512
2031,0.0501
2032,0.0422
2033,0.0499
2034,0.0453
2035,0.0608
2036,0.0498
2037,0.0513
2038,0.0471
2039,0.0636
2040,0.0506
2041,0.0572
2042,0.0546
2043,0.0474
2044,0.0683
2045,0.0503
2046,0.0615
2047,0.0546
2048,0.0598
2049,0.074
2050,0.054
2051,0.0546
2052,0.0563
2053,0.0633
2054,0.0484
2055,0.0667
2056,0.0588
2057,0.0537
2058,0.0673
2059,0.0538
2060,0.0556
2061,0.0658
2062,0.0572
2063,0.0543
2064,0.0432
2065,0.0553
2066,0.0576
2067,0.0506
2068,0.0655
2069,0.055
2070,0.0547
2071,0.0633
2072,0.0578
2073,0.063
2074,0.0457
2075,0.0547
2076,0.058
2077,0.0568
2078,0.0578
2079,0.0669
2080,0.0514
2081,0.0499
2082,0.0581
2083,0.0487
2084,0.0516
2085,0.0397
2086,0.0531
2087,0.0638
2088,0.0359
2089,0.0473
2090,0.0524
2091,0.0413
2092,0.0586
2093,0.052
2094,0.0454
2095,0.0413
2096,0.0513
2097,0.0467
2098,0.043
2099,0.0414
2100,0.0471
2101,0.0498
2102,0.0414
2103,0.0371
2104,0.0491
2105,0.033
2106,0.0504
2107,0.0469
2108,0.0375
2109,0.0525
2110,0.0326
2111,0.0404
2112,0.0361
2113,0.0332
2114,0.0311
2115,0.0481
2116,0.0378
2117,0.0372
2118,0.0418
2119,0.0315
2120,0.0397
2121,0.0422
2122,0.037
2123,0.0433
2124,0.0358
2125,0.0295
2126,0.0393
2127,0.0339
2128,0.0323
2129,0.0261
2130,0.0491
2131,0.0196
2132,0.033
2133,0.0283
2134,0.036
2135,0.0375
2136,0.0252
2137,0.0353
2138,0.0312
2139,0.0388
2140,0.0252
2141,0.0297
2142,0.0248
2143,0.0216
2144,0.037
2145,0.0437
2146,0.043
2147,0.0349
2148,0.0114
2149,0.0223
2150,0.0322
2151,0.0343
2152,0.0325
2153,0.0346
2154,0.0385
2155,0.0246
2156,0.035
2157,0.0304
2158,0.0237
2159,0.0437
2160,0.043
2161,0.029
2162,0.0383
2163,0.0399
2164,0.0301
2165,0.0326
2166,0.0383
2167,0.0355
2168,0.0367
2169,0.0368
2170,0.0427
2171,0.0359
2172,0.0413
2173,0.0269
2174,0.0348
2175,0.0439
2176,0.034
2177,0.0204
2178,0.0435
2179,0.0375
2180,0.0276
2181,0.0397
2182,0.0353
2183,0.047
2184,0.0336
2185,0.0413
2186,0.0355
2187,0.0397
2188,0.0462
2189,0.023
2190,0.0459
2191,0.0332
2192,0.0381
2193,0.0508
2194,0.0382
2195,0.0336
2196,0.0416
2197,0.0429
2198,0.0382
2199,0.0406
2200,0.0404
2201,0.0281
2202,0.0268
2203,0.0304
2204,0.0341
2205,0.0286
2206,0.0272
2207,0.0394
2208,0.0485
2209,0.0469
2210,0.034
2211,0.0391
2212,0.0437
2213,0.0254
2214,0.0316
2215,0.0268
2216,0.0268
2217,0.0299
2218,0.0493
2219,0.0349
2220,0.0365
2221,0.037
2222,0.025
2223,0.0473
2224,0.0375
2225,0.0169
2226,0.0404
2227,0.0432
2228,0.0291
2229,0.0339
2230,0.0321
2231,0.0454
2232,0.0308
2233,0.0372
2234,0.0441
2235,0.0414
2236,0.0286
2237,0.0311
2238,0.0368
2239,0.0447
2240,0.0294
2241,0.0282
2242,0.0333
2243,0.0215
2244,0.0327
2245,0.0282
2246,0.0425
2247,0.0393
2248,0.0368
2249,0.0315
2250,0.0414
2251,0.0382
2252,0.0298
2253,0.0294
2254,0.0403
2255,0.0297
2256,0.0425
2257,0.0386
2258,0.0375
2259,0.0293
2260,0.0286
2261,0.0434
2262,0.0318
2263,0.0268
2264,0.0387
2265,0.0319
2266,0.024
2267,0.0256
2268,0.0288
2269,0.0423
2270,0.0252
2271,0.0311
2272,0.0214
2273,0.0249
2274,0.0243
2275,0.0362
2276,0.0283
2277,0.0248
2278,0.0296
2279,0.0255
2280,0.0282
2281,0.0266
2282,0.0273
2283,0.0228
2284,0.0109
2285,0.034
2286,0.015
2287,0.0226
2288,0.0243
2289,0.024
2290,0.0202
2291,0.0255
2292,0.0098
2293,0.0197
2294,0.0357
2295,0.0117
2296,0.0302
2297,0.0223
2298,0.0191
2299,0.015
2300,0.0322
2301,0.023
2302,0.0143
2303,0.0262
2304,0.0241
2305,0.0216
2306,0.0157
2307,0.0147
2308,0.0225
2309,0.0164
2310,0.0072
2311,0.0176
2312,0.0225
2313,0.0277
2314,0.0265
2315,0.0098
2316,0.0218
2317,0.0191
2318,0.0142
2319,0.0164
2320,0.0273
2321,0.0108
2322,0.0054
2323,0.0194
2324,0.0018
2325,0.0164
2326,0.0138
2327,0.0079
2328,0.0228
2329,0.0018
2330,0.0144
2331,0.0075
2332,0.0108
2333,0.0212
2334,0.0027
2335,0.005
2336,0.0021
2337,0.0007
2338,0.0075
2339,0.0018
2340,0.0148
2341,-0.0015
2342,-0.0022
2343,0.0108
2344,0.0117
2345,0.0022
2346,0.0145
2347,-0.0035
2348,0.0188
2349,0.0031
2350,0.0057
2351,0.0135
2352,0.0109
2353,0.0076
2354,0.0056
2355,0.0231
2356,0.0097
2357,0.0117
2358,0.0076
2359,0.0037
2360,0.0006
2361,-0.0002
2362,-0.0009
2363,0.0097
2364,-0.0028
2365,0.0113
2366,-0.0055
2367,-0.0005
2368,0.0067
2369,0.0084
2370,-0.0034
2371,-0.0149
2372,-0.0001
2373,0.0015
2374,0.0011
2375,-0.0018
2376,0.0006
2377,-0.0
2378,0.0118
2379,0.006
2380,-0.0059
2381,0.0134
2382,0.0037
2383,-0.0149
2384,-0.005
2385,-0.0018
2386,0.0104
2387,-0.0108
2388,0.0009
2389,0.0035
2390,-0.0046
2391,-0.0101
2392,-0.0116
2393,-0.0039
2394,-0.0121
2395,0.0042
2396,-0.0044
2397,0.0062
2398,-0.0172
2399,0.001
2400,0.001
2401,-0.0008
2402,-0.0009
2403,0.0039
2404,0.0021
2405,-0.0079
2406,-0.0118
2407,-0.0022
2408,-0.0034
2409,-0.0034
2410,-0.005
2411,-0.0075
2412,0.0018
2413,-0.0112
2414,0.0045
2415,-0.0143
2416,-0.0026
2417,-0.0127
2418,-0.0067
2419,-0.0067
2420,-0.0067
2421,-0.014
2422,0.0073
2423,-0.0117
2424,-0.0004
2425,-0.0073
2426,-0.0128
2427,-0.0092
2428,-0.0172
2429,-0.0073
2430,-0.0101
2431,0.0003
2432,-0.0083
2433,-0.0119
2434,-0.0161
2435,-0.0149
2436,-0.0072
2437,-0.013
2438,-0.0041
2439,-0.0129
2440,-0.0063
2441,-0.0029
2442,0.0016
2443,0.0043
2444,-0.0043
2445,0.0015
2446,-0.0134
2447,-0.0063
2448,-0.0032
2449,0.0065
2450,-0.0178
2451,-0.0101
2452,-0.0249
2453,-0.019
2454,-0.0027
2455,-0.0124
2456,-0.0193
2457,-0.014
2458,-0.0157
2459,-0.0236
2460,-0.0191
2461,-0.011
2462,-0.0079
2463,-0.0179
2464,-0.0003
2465,-0.0117
2466,-0.0111
2467,-0.0177
2468,-0.0032
2469,-0.0132
2470,-0.02
2471,-0.0126
2472,0.0023
2473,-0.0012
2474,-0.0082
2475,-0.0046
2476,-0.0146
2477,-0.0138
2478,-0.017
2479,-0.0133
2480,-0.015
2481,-0.0106
2482,-0.0151
2483,-0.0095
2484,-0.0186
2485,-0.0086
2486,-0.0138
2487,-0.0097
2488,-0.0007
2489,-0.0071
2490,0.0042
2491,-0.0103
2492,-0.015
2493,-0.0122
2494,-0.0133
2495,-0.0233
2496,-0.0148
2497,-0.0151
2498,-0.0159
2499,-0.0225
2500,-0.0132
2501,-0.0208
2502,-0.0158
2503,-0.0196
2504,-0.0171
2505,-0.0181
2506,-0.0106
2507,-0.0043
2508,-0.0048
2509,-0.0117
2510,-0.0156
2511,-0.005
2512,-0.0205
2513,-0.0143
2514,-0.0182
2515,-0.0153
2516,-0.0128
2517,-0.0183
2518,-0.0217
2519,-0.0182
2520,-0.0089
2521,-0.0188
2522,-0.014
2523,-0.0128
2524,-0.0097
2525,-0.025
2526,-0.0215
2527,0.0003
2528,-0.0103
2529,-0.0073
2530,-0.0184
2531,-0.0196
2532,-0.0071
2533,-0.0103
2534,-0.0088
2535,-0.0174
2536,-0.0104
2537,-0.0207
2538,-0.0295
2539,-0.0143
2540,-0.0072
2541,-0.0022
2542,-0.0088
2543,-0.0097
2544,-0.0191
2545,-0.0232
2546,-0.0118
2547,-0.0204
2548,-0.0132
2549,-0.0105
2550,-0.0239
2551,-0.0075
2552,-0.0164
2553,-0.0101
2554,-0.0183
2555,-0.0193
2556,-0.0051
2557,-0.0079
2558,-0.0102
2559,-0.0202
2560,-0.008
2561,-0.0131
2562,-0.004
2563,-0.0061
2564,-0.0303
2565,-0.0161
2566,-0.003
2567,-0.0012
2568,-0.0075
2569,-0.0316
2570,-0.0115
2571,-0.0117
2572,-0.0006
2573,-0.0161
2574,-0.011
2575,0.0009
2576,0.0023
2577,-0.01
2578,-0.0191
2579,-0.0209
2580,-0.0246
2581,-0.0114
2582,-0.0076
2583,-0.0051
2584,-0.0093
2585,-0.0195
2586,-0.0036
2587,-0.0015
2588,-0.0137
2589,-0.0214
2590,-0.0105
2591,0.0014
2592,-0.0151
2593,-0.0068
2594,-0.0279
2595,-0.0192
2596,-0.0048
2597,-0.0229
2598,-0.0178
2599,-0.0172
2600,-0.0114
2601,-0.0075
2602,-0.0242
2603,-0.0158
2604,-0.0131
2605,-0.0076
2606,-0.0162
2607,-0.0182
2608,-0.0244
2609,-0.0217
2610,-0.0266
2611,-0.0222
2612,-0.0196
2613,-0.0244
2614,-0.012
2615,-0.0076
2616,-0.0175
2617,-0.0224
2618,-0.0181
2619,-0.0283
2620,-0.0149
2621,-0.0036
2622,-0.0192
2623,-0.0201
2624,-0.0142
2625,-0.0212
2626,-0.0155
2627,-0.0226
2628,-0.0206
2629,-0.0258
2630,-0.0224
2631,-0.0167
2632,-0.0207
2633,-0.0135
2634,-0.0271
2635,-0.0051
2636,-0.027
2637,-0.0106
2638,-0.018
2639,-0.0177
2640,-0.0194
2641,-0.0296
2642,-0.0212
2643,-0.0102
2644,-0.02
2645,-0.0189
2646,-0.0168
2647,0.0012
2648,-0.0145
2649,-0.02
2650,-0.019
2651,-0.0106
2652,-0.0187
2653,-0.0027
2654,-0.0072
2655,-0.0059
2656,-0.0172
2657,-0.0033
2658,-0.0158
2659,-0.0157
2660,-0.0171
2661,-0.0202
2662,-0.0154
2663,-0.0103
2664,-0.0127
2665,-0.0063
2666,-0.0152
2667,-0.0052
2668,-0.0152
2669,-0.0112
2670,-0.0118
2671,-0.0166
2672,-0.0207
2673,-0.0179
2674,-0.0108
2675,-0.0183
2676,-0.0061
2677,-0.023
2678,-0.0082
2679,-0.0179
2680,-0.0119
2681,-0.0134
2682,-0.0137
2683,-0.0205
2684,0.0002
2685,-0.0175
2686,-0.0277
2687,-0.0206
2688,-0.0213
2689,-0.005
2690,-0.0079
2691,-0.0262
2692,-0.0215
2693,-0.0211
2694,-0.0174
2695,-0.0218
2696,-0.0097
2697,-0.0066
2698,-0.0183
2699,-0.0113
2700,-0.0206
2701,-0.0208
2702,-0.0107
2703,-0.0122
2704,-0.0161
2705,-0.0112
2706,-0.0052
2707,-0.0266
2708,-0.0128
2709,-0.0073
2710,-0.0183
2711,-0.0133
2712,-0.0056
2713,-0.0159
2714,-0.0146
2715,-0.0255
2716,-0.0128
2717,-0.0223
2718,-0.0034
2719,-0.0178
2720,-0.0168
2721,-0.006
2722,-0.0127
2723,-0.0052
2724,-0.0222
2725,-0.0076
2726,-0.0121
2727,-0.0116
2728,-0.0133
2729,-0.009
2730,-0.0151
2731,-0.008
2732,-0.0104
2733,-0.0169
2734,-0.0047
2735,-0.0273
2736,-0.0199
2737,-0.0191
2738,-0.0146
2739,-0.0185
2740,-0.0095
2741,-0.0032
2742,-0.0202
2743,-0.0163
2744,-0.0127
2745,-0.0125
2746,-0.0167
2747,-0.0116
2748,-0.0197
2749,-0.0166
2750,-0.0098
2751,-0.0192
2752,-0.0256
2753,-0.0029
2754,-0.0135
2755,-0.0058
2756,-0.0282
2757,-0.0084
2758,-0.0075
2759,0.0003
2760,-0.0172
2761,-0.0153
2762,-0.0257
2763,-0.0146
2764,-0.0054
2765,-0.0155
2766,-0.0009
2767,-0.011
2768,-0.0094
2769,-0.0115
2770,-0.0057
2771,-0.0126
2772,-0.0095
2773,-0.0159
2774,0.0014
2775,-0.0068
2776,-0.0212
2777,-0.0272
2778,-0.0162
2779,-0.0078
2780,-0.0138
2781,-0.0135
2782,-0.0219
2783,-0.0192
2784,-0.0159
2785,-0.0042
2786,-0.0075
2787,-0.0284
2788,-0.0225
2789,-0.0273
2790,-0.0149
2791,-0.0101
2792,-0.0133
2793,-0.001
2794,-0.0191
2795,0.0084
2796,-0.0187
2797,-0.0046
2798,-0.0114
2799,-0.0004
2800,-0.023
2801,-0.0208
2802,-0.0092
2803,-0.0048
2804,-0.007
2805,-0.0144
2806,-0.0132
2807,-0.0178
2808,-0.0059
2809,-0.0063
2810,0.01
2811,-0.0081
2812,-0.014
2813,-0.0166
2814,-0.0103
2815,0.0012
2816,-0.01
2817,-0.0082
2818,-0.0121
2819,-0.0035
2820,0.0
2821,-0.0183
2822,-0.0128
2823,0.0066
2824,0.0038
2825,0.0121
2826,-0.0101
2827,-0.0091
2828,0.0035
2829,-0.0171
2830,0.0013
2831,-0.0024
2832,0.0033
2833,0.0062
2834,-0.0097
2835,-0.0072
2836,0.0067
2837,-0.017
2838,0.0024
2839,0.0037
2840,0.0089
2841,0.011
2842,0.0084
2843,0.0077
2844,0.0031
2845,0.0121
2846,0.0129
2847,0.0276
2848,0.011
2849,0.0052
2850,0.0153
2851,0.009
2852,0.0267
2853,0.0142
2854,0.0118
2855,0.0365
2856,0.0297
2857,0.031
2858,0.0251
2859,0.019
2860,0.0378
2861,0.0441
2862,0.0263
2863,0.034
2864,0.0144
2865,0.0349
2866,0.0303
2867,0.0396
2868,0.0262
2869,0.0344
2870,0.049
2871,0.0382
2872,0.0445
2873,0.0508
2874,0.0501
2875,0.0424
2876,0.0587
2877,0.0595
2878,0.0553
2879,0.0517
2880,0.0502
2881,0.0579
2882,0.0519
2883,0.0441
2884,0.0633
2885,0.0486
2886,0.062
2887,0.0628
2888,0.0455
2889,0.0603
2890,0.0615
2891,0.0726
2892,0.0535
2893,0.0659
2894,0.0543
2895,0.059
2896,0.0566
2897,0.0757
2898,0.0672
2899,0.0526
2900,0.0634
2901,0.0736
2902,0.0646
2903,0.0443
2904,0.0616
2905,0.0602
2906,0.0551
2907,0.056
2908,0.0755
2909,0.0604
2910,0.0583
2911,0.0563
2912,0.0519
2913,0.0575
2914,0.047
2915,0.0671
2916,0.0598
2917,0.0642
2918,0.0637
2919,0.0652
2920,0.0674
2921,0.073
2922,0.0618
2923,0.0578
2924,0.0526
2925,0.0473
2926,0.064
2927,0.0626
2928,0.0497
2929,0.0565
2930,0.056
2931,0.0464
2932,0.0499
2933,0.0637
2934,0.0618
2935,0.0473
2936,0.0401
2937,0.0614
2938,0.0414
2939,0.0461
2940,0.0614
2941,0.0605
2942,0.0523
2943,0.0498
2944,0.0514
2945,0.0508
2946,0.0561
2947,0.0588
2948,0.0547
2949,0.0413
2950,0.0513
2951,0.0511
2952,0.0556
2953,0.0296
2954,0.0489
2955,0.058
2956,0.0479
2957,0.0552
2958,0.05
2959,0.0445
2960,0.0562
2961,0.056
2962,0.051
2963,0.0504
2964,0.0377
2965,0.0383
2966,0.0332
2967,0.0369
2968,0.0458
2969,0.0345
2970,0.0397
2971,0.0446
2972,0.0413
2973,0.0498
2974,0.0487
2975,0.0496
2976,0.0295
2977,0.0578
2978,0.0378
2979,0.0516
2980,0.0421
2981,0.04
2982,0.0328
2983,0.028
2984,0.031
2985,0.0342
2986,0.042
2987,0.0297
2988,0.041
2989,0.0487
2990,0.0553
2991,0.036
2992,0.0337
2993,0.0503
2994,0.0542
2995,0.0459
2996,0.0439
2997,0.045
2998,0.0384
2999,0.0331
3000,0.0391
3001,0.0369
3002,0.0392
3003,0.0463
3004,0.0422
3005,0.0364
3006,0.047
3007,0.0457
3008,0.0393
3009,0.0336
3010,0.0235
3011,0.043
3012,0.0466
3013,0.0269
3014,0.044
3015,0.0463
3016,0.0329
3017,0.039
3018,0.0541
3019,0.04
3020,0.0481
3021,0.0333
3022,0.0401
3023,0.0372
3024,0.0403
3025,0.0429
3026,0.0446
3027,0.0315
3028,0.034
3029,0.0475
3030,0.0444
3031,0.028
3032,0.0345
3033,0.0428
3034,0.0463
3035,0.0497
3036,0.0353
3037,0.0436
3038,0.0523
3039,0.0427
3040,0.0271
3041,0.0422
3042,0.0546
3043,0.0448
3044,0.0484
3045,0.0435
3046,0.0503
3047,0.0398
3048,0.0283
3049,0.043
3050,0.032
3051,0.0533
3052,0.0291
3053,0.0485
3054,0.047
3055,0.06
3056,0.0417
3057,0.0403
3058,0.0438
3059,0.0395
3060,0.0287
3061,0.0486
3062,0.056
3063,0.0433
3064,0.0416
3065,0.0418
3066,0.0478
3067,0.0325
3068,0.0433
3069,0.0392
3070,0.0453
3071,0.0574
3072,0.0433
3073,0.0547
3074,0.0445
3075,0.0304
3076,0.0327
3077,0.0409
3078,0.042
3079,0.0528
3080,0.0508
3081,0.0361
3082,0.0431
3083,0.0387
3084,0.0487
3085,0.0413
3086,0.0498
3087,0.0436
3088,0.0418
3089,0.0469
3090,0.0293
3091,0.0402
3092,0.0488
3093,0.051
3094,0.0401
3095,0.0373
3096,0.0517
3097,0.0434
3098,0.0325
3099,0.0321
3100,0.0379
3101,0.0471
3102,0.0399
3103,0.0462
3104,0.0458
3105,0.0173
3106,0.0463
3107,0.0483
3108,0.0373
3109,0.0467
3110,0.0311
3111,0.0425
3112,0.0356
3113,0.037
3114,0.0357
3115,0.0406
3116,0.0383
3117,0.044
3118,0.0305
3119,0.0355
3120,0.0418
3121,0.0429
3122,0.0398
3123,0.0383
3124,0.0317
3125,0.0365
3126,0.0403
3127,0.0395
3128,0.0348
3129,0.0464
3130,0.0332
3131,0.038
3132,0.0399
3133,0.0297
3134,0.0404
3135,0.032
3136,0.0348
3137,0.0269
3138,0.0416
3139,0.0506
3140,0.0389
3141,0.046
3142,0.0281
3143,0.0358
3144,0.03
3145,0.027
3146,0.0338
3147,0.034
3148,0.0263
3149,0.0311
3150,0.0304
3151,0.0495
3152,0.0399
3153,0.0227
3154,0.0437
3155,0.0316
3156,0.0122
3157,0.0256
3158,0.0233
3159,0.0266
3160,0.0211
3161,0.0184
3162,0.0167
3163,0.0292
3164,0.0222
3165,0.0143
3166,0.0326
3167,0.0316
3168,0.0241
3169,0.0178
3170,0.0303
3171,0.0069
3172,0.018
3173,0.0386
3174,0.0252
3175,0.021
3176,0.0201
3177,0.0248
3178,0.0045
3179,0.0297
3180,0.0138
3181,0.0224
3182,0.0198
3183,0.0129
3184,0.0231
3185,0.0185
3186,0.0211
3187,0.014
3188,0.0179
3189,0.0116
3190,0.0136
3191,0.0216
3192,0.0158
3193,0.0215
3194,0.0136
3195,-0.0002
3196,0.0095
3197,0.026
3198,0.0045
3199,0.0162
3200,0.0212
3201,0.022
3202,0.0064
3203,0.009
3204,0.0214
3205,0.0044
3206,0.0131
3207,0.0194
3208,0.0035
3209,0.0151
3210,0.0156
3211,0.0235
3212,0.0249
3213,0.0172
3214,0.0132
3215,-0.0038
3216,0.0169
3217,0.0076
3218,0.0075
3219,0.0201
3220,0.0213
3221,0.0189
3222,0.02
3223,0.0174
3224,0.0123
3225,0.0246
3226,0.0103
3227,0.0159
3228,0.0113
3229,0.0058
3230,0.0065
3231,0.0061
3232,0.0208
3233,0.0219
3234,0.0121
3235,0.0095
3236,0.0133
3237,0.0146
3238,0.0031
3239,0.0107
3240,-0.0004
3241,0.0186
3242,0.0172
3243,0.0194
3244,0.0038
3245,0.0151
3246,0.0105
3247,0.0004
3248,0.0017
3249,0.0123
3250,0.0116
3251,0.0075
3252,-0.0043
3253,0.0107
3254,-0.0006
3255,0.0135
3256,0.0107
3257,-0.0014
3258,0.0138
3259,0.0074
3260,0.0041
3261,0.0142
3262,0.0198
3263,0.0176
3264,0.0015
3265,0.0055
3266,0.0128
3267,-0.0146
3268,0.0006
3269,0.0141
3270,0.0011
3271,0.0094
3272,0.0039
3273,0.0162
3274,-0.0069
3275,0.0088
3276,0.0124
3277,0.0058
3278,0.0059
3279,0.0055
3280,-0.0032
3281,0.0139
3282,0.0067
3283,0.0002
3284,0.0099
3285,0.0032
3286,0.0104
3287,0.0097
3288,0.0148
3289,0.0016
3290,-0.0101
3291,0.0034
3292,0.0115
3293,0.0176
3294,0.0073
3295,0.0083
3296,0.0017
3297,0.0126
3298,0.0128
3299,0.0032
3300,0.0048
3301,0.0054
3302,0.0094
3303,0.0118
3304,0.0242
3305,0.0165
3306,0.0108
3307,-0.0021
3308,-0.0176
3309,0.0169
3310,0.0134
3311,-0.0003
3312,-0.0013
3313,-0.0081
3314,0.0044
3315,0.0105
3316,0.0027
3317,0.0094
3318,0.0054
3319,0.0012
3320,0.0061
3321,-0.0021
3322,0.0005
3323,0.0084
3324,-0.0018
3325,-0.0022
3326,0.0016
3327,0.015
3328,0.0043
3329,0.0047
3330,0.0068
3331,0.0115
3332,-0.0018
3333,0.0197
3334,-0.004
3335,0.0173
3336,0.0129
3337,0.007
3338,0.0091
3339,-0.0012
3340,0.0036
3341,-0.003
3342,0.0081
3343,-0.001
3344,0.0073
3345,0.0073
3346,0.0024
3347,0.0038
3348,-0.0026
3349,0.0071
3350,0.0015
3351,0.0117
3352,0.0048
3353,-0.0004
3354,0.0081
3355,-0.0054
3356,0.003
3357,0.0078
3358,-0.0018
3359,0.0031
3360,-0.0089
3361,0.0051
3362,0.0138
3363,-0.0004
3364,0.0025
3365,0.0033
3366,0.0008
3367,-0.0123
3368,-0.0117
3369,-0.009
3370,0.0002
3371,0.0027
3372,-0.0014
3373,0.0126
3374,0.0108
3375,-0.0024
3376,0.0001
3377,-0.0071
3378,0.0081
3379,-0.0113
3380,0.003
3381,0.0077
3382,-0.0028
3383,0.009
3384,-0.0022
3385,-0.0053
3386,0.0017
3387,-0.0035
3388,0.0066
3389,0.0107
3390,0.0056
3391,-0.0065
3392,-0.0017
3393,-0.0022
3394,-0.0025
3395,-0.0028
3396,0.0033
3397,0.0076
3398,0.0125
3399,-0.015
3400,0.0002
3401,-0.0153
3402,0.0009
3403,0.0088
3404,0.0134
3405,0.0012
3406,0.0116
3407,0.0123
3408,-0.0002
3409,-0.012
3410,0.0013
3411,-0.0042
3412,0.0011
3413,0.0107
3414,-0.0065
3415,-0.0029
3416,-0.0014
3417,-0.0115
3418,-0.0009
3419,0.0093
3420,0.0083
3421,0.0009
3422,-0.0043
3423,0.0091
3424,-0.0097
3425,0.008
3426,0.0066
3427,-0.0031
3428,0.0039
3429,0.0069
3430,-0.0068
3431,0.0114
3432,-0.0014
3433,0.005
3434,-0.0056
3435,-0.0129
3436,0.0023
3437,0.0027
3438,0.0084
3439,-0.0045
3440,-0.0019
3441,0.002
3442,0.0023
3443,0.0009
3444,-0.0023
3445,0.0002
3446,-0.0071
3447,-0.0054
3448,-0.004
3449,-0.004
3450,-0.0061
3451,-0.0033
3452,-0.0136
3453,-0.0054
3454,0.0011
3455,0.009
3456,-0.0018
3457,0.008
3458,-0.002
3459,-0.0028
3460,-0.0107
3461,0.0075
3462,-0.0076
3463,-0.0093
3464,0.0049
3465,0.0108
3466,0.0078
3467,-0.0038
3468,-0.0062
3469,0.0014
3470,0.0163
3471,0.0025
3472,0.0035
3473,0.002
3474,0.0178
3475,-0.0013
3476,0.0099
3477,-0.0063
3478,0.0032
3479,0.0088
3480,-0.0038
3481,-0.0081
3482,0.0069
3483,0.0009
3484,0.016
3485,-0.0017
3486,0.0021
3487,0.01
3488,0.0036
3489,0.0201
3490,0.0093
3491,0.0008
3492,0.0037
3493,0.0074
3494,0.0165
3495,-0.0023
3496,0.0107
3497,-0.012
3498,0.0102
3499,0.0047
3500,-0.0009
3501,-0.0135
3502,0.0063
3503,0.0029
3504,0.0091
3505,0.0023
3506,0.0045
3507,0.0058
3508,0.0072
3509,0.0054
3510,0.0007
3511,0.0193
3512,-0.0066
3513,-0.011
3514,-0.0005
3515,0.0181
3516,-0.0009
3517,0.0123
3518,0.0061
3519,0.0019
3520,-0.0027
3521,0.0045
3522,0.0173
3523,0.006
3524,-0.0041
3525,-0.0046
3526,0.0045
3527,0.0056
3528,0.0023
3529,0.0085
3530,-0.0019
3531,0.009
3532,0.0075
3533,-0.0019
3534,0.009
3535,0.008
3536,0.0034
3537,0.0013
3538,0.0161
3539,0.0057
3540,0.0042
3541,0.0053
3542,0.0013
3543,0.0034
3544,-0.0059
3545,0.0066
3546,0.0053
3547,0.0164
3548,0.002
3549,-0.0074
3550,-0.015
3551,0.0029
3552,-0.0047
3553,-0.0065
3554,0.0062
3555,-0.0101
3556,-0.0011
3557,0.0089
3558,0.0122
3559,-0.011
3560,-0.0064
3561,-0.0064
3562,0.0046
3563,0.0074
3564,0.0092
3565,0.0043
3566,0.0085
3567,0.0129
3568,0.0034
3569,0.016
3570,-0.0016
3571,-0.0036
3572,-0.0024
3573,0.0022
3574,0.0103
3575,0.0065
3576,0.0102
3577,0.0123
3578,0.012
3579,-0.0004
3580,0.0043
3581,0.0094
3582,-0.0052
3583,0.0106
3584,0.0057
3585,0.0002
3586,0.0027
3587,0.0133
3588,-0.0083
3589,-0.0092
3590,-0.0001
3591,-0.0058
3592,-0.0075
3593,-0.0043
3594,0.0073
3595,-0.0032
3596,0.0053
3597,0.0087
3598,0.0058
3599,0.0079
3600,-0.0003
3601,0.0006
3602,0.0078
3603,-0.0025
3604,-0.0036
3605,0.0156
3606,0.011
3607,-0.0005
3608,0.0063
3609,0.0121
3610,-0.0086
3611,0.0163
3612,0.0114
3613,0.0016
3614,0.0006
3615,0.0051
3616,-0.0055
3617,0.0103
3618,0.0128
3619,0.0048
3620,-0.0012
3621,-0.0011
3622,0.0052
3623,0.0021
3624,0.0028
3625,0.0158
3626,-0.001
3627,0.003
3628,-0.0039
3629,0.0124
3630,0.0181
3631,0.0137
3632,0.0115
3633,-0.002
3634,0.014
3635,-0.005
3636,0.0103
3637,0.0053
3638,0.0065
3639,0.0056
3640,-0.0049
3641,0.0024
3642,0.0081
3643,0.0039
3644,0.0054
3645,0.0223
3646,0.0044
3647,0.0023
3648,-0.0006
3649,0.0036
3650,0.0012
3651,0.0171
3652,0.0092
3653,0.0251
3654,0.0044
3655,0.015
3656,-0.0024
3657,0.0162
3658,0.0004
3659,0.0051
3660,0.0021
3661,0.0222
3662,0.0135
3663,0.0115
3664,0.015
3665,0.0224
3666,0.0047
3667,0.0123
3668,0.0107
3669,0.0192
3670,0.0167
3671,0.0162
3672,0.0277
3673,0.0262
3674,0.0186
3675,0.0332
3676,0.0204
3677,0.0238
3678,0.0234
3679,0.0222
3680,0.0334
3681,0.0262
3682,0.0256
3683,0.0351
3684,0.0317
3685,0.0247
3686,0.0213
3687,0.0386
3688,0.0291
3689,0.0201
3690,0.0231
3691,0.0434
3692,0.0351
3693,0.0315
3694,0.0261
3695,0.0398
3696,0.0398
3697,0.0454
3698,0.0487
3699,0.0567
3700,0.0513
3701,0.033
3702,0.0335
3703,0.0389
3704,0.034
3705,0.0368
3706,0.0583
3707,0.0408
3708,0.0569
3709,0.0595
3710,0.0542
3711,0.0528
3712,0.0506
3713,0.0517
3714,0.0578
3715,0.0592
3716,0.0598
3717,0.0558
3718,0.0526
3719,0.0583
3720,0.0553
3721,0.0654
3722,0.0533
3723,0.0594
3724,0.0648
3725,0.0671
3726,0.0753
3727,0.0632
3728,0.0615
3729,0.0779
3730,0.0792
3731,0.0824
3732,0.0785
3733,0.0787
3734,0.0686
3735,0.0806
3736,0.0759
3737,0.0858
3738,0.0833
3739,0.0702
3740,0.0599
3741,0.1012
3742,0.073
3743,0.0756
3744,0.0724
3745,0.0857
3746,0.0805
3747,0.0943
3748,0.0852
3749,0.0802
3750,0.0824
3751,0.0902
3752,0.0775
3753,0.0793
3754,0.078
3755,0.0718
3756,0.0822
3757,0.0772
3758,0.0656
3759,0.0764
3760,0.0794
3761,0.0773
3762,0.0849
3763,0.0794
3764,0.0702
3765,0.0742
3766,0.0761
3767,0.0764
3768,0.0823
3769,0.0789
3770,0.0763
3771,0.0705
3772,0.0745
3773,0.0797
3774,0.0811
3775,0.0718
3776,0.0899
3777,0.0822
3778,0.0772
3779,0.0723
3780,0.08
3781,0.0588
3782,0.0823
3783,0.072
3784,0.0602
3785,0.0773
3786,0.0717
3787,0.0811
3788,0.0744
3789,0.0773
3790,0.0633
3791,0.078
3792,0.0692
3793,0.0775
3794,0.0651
3795,0.067
3796,0.057
3797,0.0774
3798,0.0492
3799,0.0658
3800,0.0609
3801,0.0658
3802,0.0594
3803,0.0693
3804,0.055
3805,0.0653
3806,0.064
3807,0.0661
3808,0.0719
3809,0.0672
3810,0.0691
3811,0.0806
3812,0.0741
3813,0.0539
3814,0.0662
3815,0.0636
3816,0.0555
3817,0.0664
3818,0.053
3819,0.0702
3820,0.0678
3821,0.0694
3822,0.0624
3823,0.0618
3824,0.0604
3825,0.0549
3826,0.0588
3827,0.0677
3828,0.0628
3829,0.0532
3830,0.0624
3831,0.0627
3832,0.0648
3833,0.0459
3834,0.0685
3835,0.0428
3836,0.0663
3837,0.0709
3838,0.062
3839,0.0616
3840,0.0597
3841,0.0544
3842,0.0385
3843,0.057
3844,0.0407
3845,0.0705
3846,0.0625
3847,0.0612
3848,0.0605
3849,0.0554
3850,0.0678
3851,0.0519
3852,0.0599
3853,0.0555
3854,0.0538
3855,0.0588
3856,0.0578
3857,0.0455
3858,0.0707
3859,0.0685
3860,0.0563
3861,0.0513
3862,0.0606
3863,0.0703
3864,0.0469
3865,0.0568
3866,0.071
3867,0.0501
3868,0.0565
3869,0.0501
3870,0.0701
3871,0.0654
3872,0.0605
3873,0.0615
3874,0.0506
3875,0.0569
3876,0.0606
3877,0.0682
3878,0.0578
3879,0.0599
3880,0.068
3881,0.0704
3882,0.0463
3883,0.0641
3884,0.0538
3885,0.0625
3886,0.0558
3887,0.0701
3888,0.0565
3889,0.0535
3890,0.0591
3891,0.0593
3892,0.0717
3893,0.0588
3894,0.0533
3895,0.0713
3896,0.0709
3897,0.0651
3898,0.0465
3899,0.0612
3900,0.0702
3901,0.0624
3902,0.0623
3903,0.065
3904,0.0657
3905,0.0603
3906,0.0797
3907,0.066
3908,0.0747
3909,0.0573
3910,0.0704
3911,0.0554
3912,0.044
3913,0.0685
3914,0.0576
3915,0.0539
3916,0.0533
3917,0.0698
3918,0.0437
3919,0.0753
3920,0.0584
3921,0.0781
3922,0.0627
3923,0.0626
3924,0.0751
3925,0.0567
3926,0.067
3927,0.0687
3928,0.0584
3929,0.0558
3930,0.074
3931,0.0516
3932,0.0618
3933,0.0669
3934,0.0693
3935,0.0567
3936,0.0713
3937,0.0705
3938,0.0637
3939,0.0657
3940,0.0568
3941,0.0662
3942,0.0607
3943,0.0734
3944,0.0736
3945,0.0619
3946,0.0586
3947,0.0747
3948,0.0592
3949,0.0593
3950,0.0654
3951,0.0692
3952,0.0647
3953,0.0654
3954,0.0547
3955,0.0709
3956,0.0652
3957,0.0667
3958,0.0529
3959,0.0567
3960,0.0609
3961,0.0594
3962,0.0599
3963,0.0598
3964,0.0675
3965,0.0601
3966,0.0566
3967,0.0567
3968,0.0586
3969,0.0707
3970,0.0511
3971,0.0604
3972,0.0574
3973,0.052
3974,0.0574
3975,0.0598
3976,0.0631
3977,0.0516
3978,0.0521
3979,0.0625
3980,0.0719
3981,0.0531
3982,0.054
3983,0.0465
3984,0.0575
3985,0.0561
3986,0.0696
3987,0.052
3988,0.0582
3989,0.0443
3990,0.056
3991,0.068
3992,0.0506
3993,0.0487
3994,0.0433
3995,0.0487
3996,0.0509
3997,0.0529
3998,0.0499
3999,0.051
